{
  "V70": 0.109611,
  "C8": 0.052478,
  "V91": 0.045338,
  "V103": 0.03899,
  "V308": 0.034354,
  "C14": 0.029112,
  "V283": 0.02906,
  "C4": 0.024611,
  "V317": 0.020556,
  "V34": 0.018079,
  "C5": 0.017989,
  "C1": 0.015352,
  "card6": 0.01513,
  "ProductCD": 0.01415,
  "D3": 0.01147,
  "V102": 0.010048,
  "M4": 0.009763,
  "V304": 0.009491,
  "V45": 0.008388,
  "V280": 0.007905,
  "V128": 0.007811,
  "C2": 0.007605,
  "C13": 0.007529,
  "V73": 0.007344,
  "V87": 0.006422,
  "V294": 0.006211,
  "V48": 0.006082,
  "V296": 0.006021,
  "V33": 0.005932,
  "C11": 0.005886,
  "V133": 0.005872,
  "V312": 0.005673,
  "C12": 0.005656,
  "V315": 0.005605,
  "V50": 0.005401,
  "V71": 0.005268,
  "V64": 0.00521,
  "M6": 0.004985,
  "V303": 0.004917,
  "V281": 0.004799,
  "V30": 0.004784,
  "V121": 0.004709,
  "card3": 0.004679,
  "V49": 0.004627,
  "V54": 0.004586,
  "V302": 0.004381,
  "C6": 0.004322,
  "TransactionAmt": 0.004321,
  "V309": 0.004248,
  "D15": 0.004201,
  "V82": 0.004113,
  "V94": 0.004081,
  "V310": 0.004067,
  "V62": 0.004062,
  "V67": 0.004027,
  "V21": 0.004027,
  "C10": 0.003987,
  "V83": 0.003853,
  "D1": 0.00384,
  "V125": 0.003828,
  "V285": 0.003827,
  "C9": 0.003813,
  "V75": 0.003805,
  "TransactionDT": 0.00377,
  "V72": 0.00377,
  "V55": 0.003762,
  "V311": 0.003715,
  "V282": 0.003668,
  "V99": 0.003592,
  "V96": 0.003537,
  "V20": 0.003498,
  "card2": 0.003464,
  "card5": 0.00346,
  "V66": 0.00343,
  "V320": 0.003401,
  "P_emaildomain": 0.0034,
  "card1": 0.003391,
  "V313": 0.003362,
  "V298": 0.003346,
  "D4": 0.00331
}